threshold,coverage,task
0.0,0.13793103448275862,FMA_UE
0.25,0.13793103448275862,FMA_UE
0.5,0.3448275862068966,FMA_UE
0.75,0.3448275862068966,FMA_UE
1.0,0.5172413793103449,FMA_UE
1.25,0.5172413793103449,FMA_UE
1.5,0.5517241379310345,FMA_UE
1.75,0.5517241379310345,FMA_UE
2.0,0.6206896551724138,FMA_UE
2.25,0.6206896551724138,FMA_UE
2.5,0.7586206896551724,FMA_UE
2.75,0.7586206896551724,FMA_UE
3.0,0.7586206896551724,FMA_UE
3.25,0.7586206896551724,FMA_UE
3.5,0.7586206896551724,FMA_UE
3.75,0.7586206896551724,FMA_UE
4.0,0.7586206896551724,FMA_UE
4.25,0.7586206896551724,FMA_UE
4.5,0.7931034482758621,FMA_UE
4.75,0.7931034482758621,FMA_UE
5.0,0.8620689655172413,FMA_UE
0.0,0.0,BI
1.0,0.034482758620689655,BI
2.0,0.1724137931034483,BI
3.0,0.2413793103448276,BI
4.0,0.2413793103448276,BI
5.0,0.3448275862068966,BI
6.0,0.3793103448275862,BI
7.0,0.41379310344827586,BI
8.0,0.41379310344827586,BI
9.0,0.4827586206896552,BI
10.0,0.5172413793103449,BI
11.0,0.6206896551724138,BI
12.0,0.6206896551724138,BI
13.0,0.6551724137931034,BI
14.0,0.7241379310344828,BI
15.0,0.7241379310344828,BI
16.0,0.7241379310344828,BI
17.0,0.7241379310344828,BI
18.0,0.7241379310344828,BI
19.0,0.7241379310344828,BI
20.0,0.7241379310344828,BI
21.0,0.7241379310344828,BI
22.0,0.7586206896551724,BI
23.0,0.7931034482758621,BI
24.0,0.7931034482758621,BI
25.0,0.7931034482758621,BI
26.0,0.7931034482758621,BI
27.0,0.8275862068965517,BI
28.0,0.8620689655172413,BI
29.0,0.8620689655172413,BI
30.0,0.9655172413793104,BI
