role,staged_path,source_path,source_relpath
ours_summary,/root/offline/CMK-AGN-real29-clean/.cmk_atlas_staging_m3rqdt2p/supporting_independent/compatibility/baseline/FMA_UE/CMK-AGN(Ours)/FMA_UE_3fold_summary.csv,/root/offline/CMK-AGN-real29-clean/results/module/tri/FMA_UE/FMA_UE_3fold_summary.csv,/root/offline/CMK-AGN-real29-clean/results/module/tri/FMA_UE/FMA_UE_3fold_summary.csv
ours_fold_artifact,/root/offline/CMK-AGN-real29-clean/.cmk_atlas_staging_m3rqdt2p/supporting_independent/compatibility/baseline/FMA_UE/CMK-AGN(Ours)/FMA_UE_fold1_logs/val_predictions.csv,/root/offline/CMK-AGN-real29-clean/results/module/tri/FMA_UE/FMA_UE_fold1_logs/val_predictions.csv,/root/offline/CMK-AGN-real29-clean/results/module/tri/FMA_UE/FMA_UE_fold1_logs/val_predictions.csv
ours_fold_artifact,/root/offline/CMK-AGN-real29-clean/.cmk_atlas_staging_m3rqdt2p/supporting_independent/compatibility/baseline/FMA_UE/CMK-AGN(Ours)/FMA_UE_fold1_logs/training_history.csv,/root/offline/CMK-AGN-real29-clean/results/module/tri/FMA_UE/FMA_UE_fold1_logs/training_history.csv,/root/offline/CMK-AGN-real29-clean/results/module/tri/FMA_UE/FMA_UE_fold1_logs/training_history.csv
ours_fold_artifact,/root/offline/CMK-AGN-real29-clean/.cmk_atlas_staging_m3rqdt2p/supporting_independent/compatibility/baseline/FMA_UE/CMK-AGN(Ours)/FMA_UE_fold2_logs/val_predictions.csv,/root/offline/CMK-AGN-real29-clean/results/module/tri/FMA_UE/FMA_UE_fold2_logs/val_predictions.csv,/root/offline/CMK-AGN-real29-clean/results/module/tri/FMA_UE/FMA_UE_fold2_logs/val_predictions.csv
ours_fold_artifact,/root/offline/CMK-AGN-real29-clean/.cmk_atlas_staging_m3rqdt2p/supporting_independent/compatibility/baseline/FMA_UE/CMK-AGN(Ours)/FMA_UE_fold2_logs/training_history.csv,/root/offline/CMK-AGN-real29-clean/results/module/tri/FMA_UE/FMA_UE_fold2_logs/training_history.csv,/root/offline/CMK-AGN-real29-clean/results/module/tri/FMA_UE/FMA_UE_fold2_logs/training_history.csv
ours_fold_artifact,/root/offline/CMK-AGN-real29-clean/.cmk_atlas_staging_m3rqdt2p/supporting_independent/compatibility/baseline/FMA_UE/CMK-AGN(Ours)/FMA_UE_fold3_logs/val_predictions.csv,/root/offline/CMK-AGN-real29-clean/results/module/tri/FMA_UE/FMA_UE_fold3_logs/val_predictions.csv,/root/offline/CMK-AGN-real29-clean/results/module/tri/FMA_UE/FMA_UE_fold3_logs/val_predictions.csv
ours_fold_artifact,/root/offline/CMK-AGN-real29-clean/.cmk_atlas_staging_m3rqdt2p/supporting_independent/compatibility/baseline/FMA_UE/CMK-AGN(Ours)/FMA_UE_fold3_logs/training_history.csv,/root/offline/CMK-AGN-real29-clean/results/module/tri/FMA_UE/FMA_UE_fold3_logs/training_history.csv,/root/offline/CMK-AGN-real29-clean/results/module/tri/FMA_UE/FMA_UE_fold3_logs/training_history.csv
ours_summary,/root/offline/CMK-AGN-real29-clean/.cmk_atlas_staging_m3rqdt2p/supporting_independent/compatibility/baseline/BI/CMK-AGN(Ours)/BI_3fold_summary.csv,/root/offline/CMK-AGN-real29-clean/results/module/tri/BI/BI_3fold_summary.csv,/root/offline/CMK-AGN-real29-clean/results/module/tri/BI/BI_3fold_summary.csv
ours_fold_artifact,/root/offline/CMK-AGN-real29-clean/.cmk_atlas_staging_m3rqdt2p/supporting_independent/compatibility/baseline/BI/CMK-AGN(Ours)/BI_fold1_logs/val_predictions.csv,/root/offline/CMK-AGN-real29-clean/results/module/tri/BI/BI_fold1_logs/val_predictions.csv,/root/offline/CMK-AGN-real29-clean/results/module/tri/BI/BI_fold1_logs/val_predictions.csv
ours_fold_artifact,/root/offline/CMK-AGN-real29-clean/.cmk_atlas_staging_m3rqdt2p/supporting_independent/compatibility/baseline/BI/CMK-AGN(Ours)/BI_fold1_logs/training_history.csv,/root/offline/CMK-AGN-real29-clean/results/module/tri/BI/BI_fold1_logs/training_history.csv,/root/offline/CMK-AGN-real29-clean/results/module/tri/BI/BI_fold1_logs/training_history.csv
ours_fold_artifact,/root/offline/CMK-AGN-real29-clean/.cmk_atlas_staging_m3rqdt2p/supporting_independent/compatibility/baseline/BI/CMK-AGN(Ours)/BI_fold2_logs/val_predictions.csv,/root/offline/CMK-AGN-real29-clean/results/module/tri/BI/BI_fold2_logs/val_predictions.csv,/root/offline/CMK-AGN-real29-clean/results/module/tri/BI/BI_fold2_logs/val_predictions.csv
ours_fold_artifact,/root/offline/CMK-AGN-real29-clean/.cmk_atlas_staging_m3rqdt2p/supporting_independent/compatibility/baseline/BI/CMK-AGN(Ours)/BI_fold2_logs/training_history.csv,/root/offline/CMK-AGN-real29-clean/results/module/tri/BI/BI_fold2_logs/training_history.csv,/root/offline/CMK-AGN-real29-clean/results/module/tri/BI/BI_fold2_logs/training_history.csv
ours_fold_artifact,/root/offline/CMK-AGN-real29-clean/.cmk_atlas_staging_m3rqdt2p/supporting_independent/compatibility/baseline/BI/CMK-AGN(Ours)/BI_fold3_logs/val_predictions.csv,/root/offline/CMK-AGN-real29-clean/results/module/tri/BI/BI_fold3_logs/val_predictions.csv,/root/offline/CMK-AGN-real29-clean/results/module/tri/BI/BI_fold3_logs/val_predictions.csv
ours_fold_artifact,/root/offline/CMK-AGN-real29-clean/.cmk_atlas_staging_m3rqdt2p/supporting_independent/compatibility/baseline/BI/CMK-AGN(Ours)/BI_fold3_logs/training_history.csv,/root/offline/CMK-AGN-real29-clean/results/module/tri/BI/BI_fold3_logs/training_history.csv,/root/offline/CMK-AGN-real29-clean/results/module/tri/BI/BI_fold3_logs/training_history.csv
ours_summary,/root/offline/CMK-AGN-real29-clean/.cmk_atlas_staging_m3rqdt2p/supporting_independent/compatibility/baseline/hand_tone/CMK-AGN(Ours)/hand_tone_3fold_summary.csv,/root/offline/CMK-AGN-real29-clean/results/module/tri/hand_tone/hand_tone_3fold_summary.csv,/root/offline/CMK-AGN-real29-clean/results/module/tri/hand_tone/hand_tone_3fold_summary.csv
ours_fold_artifact,/root/offline/CMK-AGN-real29-clean/.cmk_atlas_staging_m3rqdt2p/supporting_independent/compatibility/baseline/hand_tone/CMK-AGN(Ours)/hand_tone_fold1_logs/val_predictions.csv,/root/offline/CMK-AGN-real29-clean/results/module/tri/hand_tone/hand_tone_fold1_logs/val_predictions.csv,/root/offline/CMK-AGN-real29-clean/results/module/tri/hand_tone/hand_tone_fold1_logs/val_predictions.csv
ours_fold_artifact,/root/offline/CMK-AGN-real29-clean/.cmk_atlas_staging_m3rqdt2p/supporting_independent/compatibility/baseline/hand_tone/CMK-AGN(Ours)/hand_tone_fold1_logs/training_history.csv,/root/offline/CMK-AGN-real29-clean/results/module/tri/hand_tone/hand_tone_fold1_logs/training_history.csv,/root/offline/CMK-AGN-real29-clean/results/module/tri/hand_tone/hand_tone_fold1_logs/training_history.csv
ours_fold_artifact,/root/offline/CMK-AGN-real29-clean/.cmk_atlas_staging_m3rqdt2p/supporting_independent/compatibility/baseline/hand_tone/CMK-AGN(Ours)/hand_tone_fold1_logs/confusion_matrix.csv,/root/offline/CMK-AGN-real29-clean/results/module/tri/hand_tone/hand_tone_fold1_logs/confusion_matrix.csv,/root/offline/CMK-AGN-real29-clean/results/module/tri/hand_tone/hand_tone_fold1_logs/confusion_matrix.csv
derived_current_confusion,/root/offline/CMK-AGN-real29-clean/.cmk_atlas_staging_m3rqdt2p/supporting_independent/compatibility/baseline/hand_tone/CMK-AGN(Ours)/hand_tone_fold1_logs/confusion_matrix.csv,/root/offline/CMK-AGN-real29-clean/results/module/tri/hand_tone/hand_tone_fold1_logs/val_predictions.csv,/root/offline/CMK-AGN-real29-clean/results/module/tri/hand_tone/hand_tone_fold1_logs/val_predictions.csv
ours_fold_artifact,/root/offline/CMK-AGN-real29-clean/.cmk_atlas_staging_m3rqdt2p/supporting_independent/compatibility/baseline/hand_tone/CMK-AGN(Ours)/hand_tone_fold2_logs/val_predictions.csv,/root/offline/CMK-AGN-real29-clean/results/module/tri/hand_tone/hand_tone_fold2_logs/val_predictions.csv,/root/offline/CMK-AGN-real29-clean/results/module/tri/hand_tone/hand_tone_fold2_logs/val_predictions.csv
ours_fold_artifact,/root/offline/CMK-AGN-real29-clean/.cmk_atlas_staging_m3rqdt2p/supporting_independent/compatibility/baseline/hand_tone/CMK-AGN(Ours)/hand_tone_fold2_logs/training_history.csv,/root/offline/CMK-AGN-real29-clean/results/module/tri/hand_tone/hand_tone_fold2_logs/training_history.csv,/root/offline/CMK-AGN-real29-clean/results/module/tri/hand_tone/hand_tone_fold2_logs/training_history.csv
ours_fold_artifact,/root/offline/CMK-AGN-real29-clean/.cmk_atlas_staging_m3rqdt2p/supporting_independent/compatibility/baseline/hand_tone/CMK-AGN(Ours)/hand_tone_fold2_logs/confusion_matrix.csv,/root/offline/CMK-AGN-real29-clean/results/module/tri/hand_tone/hand_tone_fold2_logs/confusion_matrix.csv,/root/offline/CMK-AGN-real29-clean/results/module/tri/hand_tone/hand_tone_fold2_logs/confusion_matrix.csv
derived_current_confusion,/root/offline/CMK-AGN-real29-clean/.cmk_atlas_staging_m3rqdt2p/supporting_independent/compatibility/baseline/hand_tone/CMK-AGN(Ours)/hand_tone_fold2_logs/confusion_matrix.csv,/root/offline/CMK-AGN-real29-clean/results/module/tri/hand_tone/hand_tone_fold2_logs/val_predictions.csv,/root/offline/CMK-AGN-real29-clean/results/module/tri/hand_tone/hand_tone_fold2_logs/val_predictions.csv
ours_fold_artifact,/root/offline/CMK-AGN-real29-clean/.cmk_atlas_staging_m3rqdt2p/supporting_independent/compatibility/baseline/hand_tone/CMK-AGN(Ours)/hand_tone_fold3_logs/val_predictions.csv,/root/offline/CMK-AGN-real29-clean/results/module/tri/hand_tone/hand_tone_fold3_logs/val_predictions.csv,/root/offline/CMK-AGN-real29-clean/results/module/tri/hand_tone/hand_tone_fold3_logs/val_predictions.csv
ours_fold_artifact,/root/offline/CMK-AGN-real29-clean/.cmk_atlas_staging_m3rqdt2p/supporting_independent/compatibility/baseline/hand_tone/CMK-AGN(Ours)/hand_tone_fold3_logs/training_history.csv,/root/offline/CMK-AGN-real29-clean/results/module/tri/hand_tone/hand_tone_fold3_logs/training_history.csv,/root/offline/CMK-AGN-real29-clean/results/module/tri/hand_tone/hand_tone_fold3_logs/training_history.csv
ours_fold_artifact,/root/offline/CMK-AGN-real29-clean/.cmk_atlas_staging_m3rqdt2p/supporting_independent/compatibility/baseline/hand_tone/CMK-AGN(Ours)/hand_tone_fold3_logs/confusion_matrix.csv,/root/offline/CMK-AGN-real29-clean/results/module/tri/hand_tone/hand_tone_fold3_logs/confusion_matrix.csv,/root/offline/CMK-AGN-real29-clean/results/module/tri/hand_tone/hand_tone_fold3_logs/confusion_matrix.csv
derived_current_confusion,/root/offline/CMK-AGN-real29-clean/.cmk_atlas_staging_m3rqdt2p/supporting_independent/compatibility/baseline/hand_tone/CMK-AGN(Ours)/hand_tone_fold3_logs/confusion_matrix.csv,/root/offline/CMK-AGN-real29-clean/results/module/tri/hand_tone/hand_tone_fold3_logs/val_predictions.csv,/root/offline/CMK-AGN-real29-clean/results/module/tri/hand_tone/hand_tone_fold3_logs/val_predictions.csv
ours_summary,/root/offline/CMK-AGN-real29-clean/.cmk_atlas_staging_m3rqdt2p/supporting_independent/compatibility/baseline/hand_function/CMK-AGN(Ours)/hand_function_3fold_summary.csv,/root/offline/CMK-AGN-real29-clean/results/module/tri/hand_function/hand_function_3fold_summary.csv,/root/offline/CMK-AGN-real29-clean/results/module/tri/hand_function/hand_function_3fold_summary.csv
ours_fold_artifact,/root/offline/CMK-AGN-real29-clean/.cmk_atlas_staging_m3rqdt2p/supporting_independent/compatibility/baseline/hand_function/CMK-AGN(Ours)/hand_function_fold1_logs/val_predictions.csv,/root/offline/CMK-AGN-real29-clean/results/module/tri/hand_function/hand_function_fold1_logs/val_predictions.csv,/root/offline/CMK-AGN-real29-clean/results/module/tri/hand_function/hand_function_fold1_logs/val_predictions.csv
ours_fold_artifact,/root/offline/CMK-AGN-real29-clean/.cmk_atlas_staging_m3rqdt2p/supporting_independent/compatibility/baseline/hand_function/CMK-AGN(Ours)/hand_function_fold1_logs/training_history.csv,/root/offline/CMK-AGN-real29-clean/results/module/tri/hand_function/hand_function_fold1_logs/training_history.csv,/root/offline/CMK-AGN-real29-clean/results/module/tri/hand_function/hand_function_fold1_logs/training_history.csv
ours_fold_artifact,/root/offline/CMK-AGN-real29-clean/.cmk_atlas_staging_m3rqdt2p/supporting_independent/compatibility/baseline/hand_function/CMK-AGN(Ours)/hand_function_fold1_logs/confusion_matrix.csv,/root/offline/CMK-AGN-real29-clean/results/module/tri/hand_function/hand_function_fold1_logs/confusion_matrix.csv,/root/offline/CMK-AGN-real29-clean/results/module/tri/hand_function/hand_function_fold1_logs/confusion_matrix.csv
derived_current_confusion,/root/offline/CMK-AGN-real29-clean/.cmk_atlas_staging_m3rqdt2p/supporting_independent/compatibility/baseline/hand_function/CMK-AGN(Ours)/hand_function_fold1_logs/confusion_matrix.csv,/root/offline/CMK-AGN-real29-clean/results/module/tri/hand_function/hand_function_fold1_logs/val_predictions.csv,/root/offline/CMK-AGN-real29-clean/results/module/tri/hand_function/hand_function_fold1_logs/val_predictions.csv
ours_fold_artifact,/root/offline/CMK-AGN-real29-clean/.cmk_atlas_staging_m3rqdt2p/supporting_independent/compatibility/baseline/hand_function/CMK-AGN(Ours)/hand_function_fold2_logs/val_predictions.csv,/root/offline/CMK-AGN-real29-clean/results/module/tri/hand_function/hand_function_fold2_logs/val_predictions.csv,/root/offline/CMK-AGN-real29-clean/results/module/tri/hand_function/hand_function_fold2_logs/val_predictions.csv
ours_fold_artifact,/root/offline/CMK-AGN-real29-clean/.cmk_atlas_staging_m3rqdt2p/supporting_independent/compatibility/baseline/hand_function/CMK-AGN(Ours)/hand_function_fold2_logs/training_history.csv,/root/offline/CMK-AGN-real29-clean/results/module/tri/hand_function/hand_function_fold2_logs/training_history.csv,/root/offline/CMK-AGN-real29-clean/results/module/tri/hand_function/hand_function_fold2_logs/training_history.csv
ours_fold_artifact,/root/offline/CMK-AGN-real29-clean/.cmk_atlas_staging_m3rqdt2p/supporting_independent/compatibility/baseline/hand_function/CMK-AGN(Ours)/hand_function_fold2_logs/confusion_matrix.csv,/root/offline/CMK-AGN-real29-clean/results/module/tri/hand_function/hand_function_fold2_logs/confusion_matrix.csv,/root/offline/CMK-AGN-real29-clean/results/module/tri/hand_function/hand_function_fold2_logs/confusion_matrix.csv
derived_current_confusion,/root/offline/CMK-AGN-real29-clean/.cmk_atlas_staging_m3rqdt2p/supporting_independent/compatibility/baseline/hand_function/CMK-AGN(Ours)/hand_function_fold2_logs/confusion_matrix.csv,/root/offline/CMK-AGN-real29-clean/results/module/tri/hand_function/hand_function_fold2_logs/val_predictions.csv,/root/offline/CMK-AGN-real29-clean/results/module/tri/hand_function/hand_function_fold2_logs/val_predictions.csv
ours_fold_artifact,/root/offline/CMK-AGN-real29-clean/.cmk_atlas_staging_m3rqdt2p/supporting_independent/compatibility/baseline/hand_function/CMK-AGN(Ours)/hand_function_fold3_logs/val_predictions.csv,/root/offline/CMK-AGN-real29-clean/results/module/tri/hand_function/hand_function_fold3_logs/val_predictions.csv,/root/offline/CMK-AGN-real29-clean/results/module/tri/hand_function/hand_function_fold3_logs/val_predictions.csv
ours_fold_artifact,/root/offline/CMK-AGN-real29-clean/.cmk_atlas_staging_m3rqdt2p/supporting_independent/compatibility/baseline/hand_function/CMK-AGN(Ours)/hand_function_fold3_logs/training_history.csv,/root/offline/CMK-AGN-real29-clean/results/module/tri/hand_function/hand_function_fold3_logs/training_history.csv,/root/offline/CMK-AGN-real29-clean/results/module/tri/hand_function/hand_function_fold3_logs/training_history.csv
ours_fold_artifact,/root/offline/CMK-AGN-real29-clean/.cmk_atlas_staging_m3rqdt2p/supporting_independent/compatibility/baseline/hand_function/CMK-AGN(Ours)/hand_function_fold3_logs/confusion_matrix.csv,/root/offline/CMK-AGN-real29-clean/results/module/tri/hand_function/hand_function_fold3_logs/confusion_matrix.csv,/root/offline/CMK-AGN-real29-clean/results/module/tri/hand_function/hand_function_fold3_logs/confusion_matrix.csv
derived_current_confusion,/root/offline/CMK-AGN-real29-clean/.cmk_atlas_staging_m3rqdt2p/supporting_independent/compatibility/baseline/hand_function/CMK-AGN(Ours)/hand_function_fold3_logs/confusion_matrix.csv,/root/offline/CMK-AGN-real29-clean/results/module/tri/hand_function/hand_function_fold3_logs/val_predictions.csv,/root/offline/CMK-AGN-real29-clean/results/module/tri/hand_function/hand_function_fold3_logs/val_predictions.csv
baseline_summary,/root/offline/CMK-AGN-real29-clean/.cmk_atlas_staging_m3rqdt2p/supporting_independent/compatibility/baseline/FMA_UE/bilstm_attn/FMA_UE_3fold_summary.csv,/root/offline/CMK-AGN-real29-clean/results/baselines/FMA_UE/bilstm_attn/FMA_UE_3fold_summary.csv,/root/offline/CMK-AGN-real29-clean/results/baselines/FMA_UE/bilstm_attn/FMA_UE_3fold_summary.csv
baseline_summary,/root/offline/CMK-AGN-real29-clean/.cmk_atlas_staging_m3rqdt2p/supporting_independent/compatibility/baseline/FMA_UE/cnn1d/FMA_UE_3fold_summary.csv,/root/offline/CMK-AGN-real29-clean/results/baselines/FMA_UE/cnn1d/FMA_UE_3fold_summary.csv,/root/offline/CMK-AGN-real29-clean/results/baselines/FMA_UE/cnn1d/FMA_UE_3fold_summary.csv
baseline_summary,/root/offline/CMK-AGN-real29-clean/.cmk_atlas_staging_m3rqdt2p/supporting_independent/compatibility/baseline/FMA_UE/eegnet/FMA_UE_3fold_summary.csv,/root/offline/CMK-AGN-real29-clean/results/baselines/FMA_UE/eegnet/FMA_UE_3fold_summary.csv,/root/offline/CMK-AGN-real29-clean/results/baselines/FMA_UE/eegnet/FMA_UE_3fold_summary.csv
baseline_summary,/root/offline/CMK-AGN-real29-clean/.cmk_atlas_staging_m3rqdt2p/supporting_independent/compatibility/baseline/FMA_UE/mean_majority/FMA_UE_3fold_summary.csv,/root/offline/CMK-AGN-real29-clean/results/baselines/FMA_UE/mean_majority/FMA_UE_3fold_summary.csv,/root/offline/CMK-AGN-real29-clean/results/baselines/FMA_UE/mean_majority/FMA_UE_3fold_summary.csv
baseline_summary,/root/offline/CMK-AGN-real29-clean/.cmk_atlas_staging_m3rqdt2p/supporting_independent/compatibility/baseline/FMA_UE/mlp/FMA_UE_3fold_summary.csv,/root/offline/CMK-AGN-real29-clean/results/baselines/FMA_UE/mlp/FMA_UE_3fold_summary.csv,/root/offline/CMK-AGN-real29-clean/results/baselines/FMA_UE/mlp/FMA_UE_3fold_summary.csv
baseline_summary,/root/offline/CMK-AGN-real29-clean/.cmk_atlas_staging_m3rqdt2p/supporting_independent/compatibility/baseline/FMA_UE/random_forest/FMA_UE_3fold_summary.csv,/root/offline/CMK-AGN-real29-clean/results/baselines/FMA_UE/random_forest/FMA_UE_3fold_summary.csv,/root/offline/CMK-AGN-real29-clean/results/baselines/FMA_UE/random_forest/FMA_UE_3fold_summary.csv
baseline_summary,/root/offline/CMK-AGN-real29-clean/.cmk_atlas_staging_m3rqdt2p/supporting_independent/compatibility/baseline/FMA_UE/ridge_logreg/FMA_UE_3fold_summary.csv,/root/offline/CMK-AGN-real29-clean/results/baselines/FMA_UE/ridge_logreg/FMA_UE_3fold_summary.csv,/root/offline/CMK-AGN-real29-clean/results/baselines/FMA_UE/ridge_logreg/FMA_UE_3fold_summary.csv
baseline_summary,/root/offline/CMK-AGN-real29-clean/.cmk_atlas_staging_m3rqdt2p/supporting_independent/compatibility/baseline/FMA_UE/svm_rbf/FMA_UE_3fold_summary.csv,/root/offline/CMK-AGN-real29-clean/results/baselines/FMA_UE/svm_rbf/FMA_UE_3fold_summary.csv,/root/offline/CMK-AGN-real29-clean/results/baselines/FMA_UE/svm_rbf/FMA_UE_3fold_summary.csv
baseline_summary,/root/offline/CMK-AGN-real29-clean/.cmk_atlas_staging_m3rqdt2p/supporting_independent/compatibility/baseline/FMA_UE/transformer_fusion/FMA_UE_3fold_summary.csv,/root/offline/CMK-AGN-real29-clean/results/baselines/FMA_UE/transformer_fusion/FMA_UE_3fold_summary.csv,/root/offline/CMK-AGN-real29-clean/results/baselines/FMA_UE/transformer_fusion/FMA_UE_3fold_summary.csv
baseline_summary,/root/offline/CMK-AGN-real29-clean/.cmk_atlas_staging_m3rqdt2p/supporting_independent/compatibility/baseline/FMA_UE/xgboost/FMA_UE_3fold_summary.csv,/root/offline/CMK-AGN-real29-clean/results/baselines/FMA_UE/xgboost/FMA_UE_3fold_summary.csv,/root/offline/CMK-AGN-real29-clean/results/baselines/FMA_UE/xgboost/FMA_UE_3fold_summary.csv
baseline_summary,/root/offline/CMK-AGN-real29-clean/.cmk_atlas_staging_m3rqdt2p/supporting_independent/compatibility/baseline/BI/bilstm_attn/BI_3fold_summary.csv,/root/offline/CMK-AGN-real29-clean/results/baselines/BI/bilstm_attn/BI_3fold_summary.csv,/root/offline/CMK-AGN-real29-clean/results/baselines/BI/bilstm_attn/BI_3fold_summary.csv
baseline_summary,/root/offline/CMK-AGN-real29-clean/.cmk_atlas_staging_m3rqdt2p/supporting_independent/compatibility/baseline/BI/cnn1d/BI_3fold_summary.csv,/root/offline/CMK-AGN-real29-clean/results/baselines/BI/cnn1d/BI_3fold_summary.csv,/root/offline/CMK-AGN-real29-clean/results/baselines/BI/cnn1d/BI_3fold_summary.csv
baseline_summary,/root/offline/CMK-AGN-real29-clean/.cmk_atlas_staging_m3rqdt2p/supporting_independent/compatibility/baseline/BI/eegnet/BI_3fold_summary.csv,/root/offline/CMK-AGN-real29-clean/results/baselines/BI/eegnet/BI_3fold_summary.csv,/root/offline/CMK-AGN-real29-clean/results/baselines/BI/eegnet/BI_3fold_summary.csv
baseline_summary,/root/offline/CMK-AGN-real29-clean/.cmk_atlas_staging_m3rqdt2p/supporting_independent/compatibility/baseline/BI/mean_majority/BI_3fold_summary.csv,/root/offline/CMK-AGN-real29-clean/results/baselines/BI/mean_majority/BI_3fold_summary.csv,/root/offline/CMK-AGN-real29-clean/results/baselines/BI/mean_majority/BI_3fold_summary.csv
baseline_summary,/root/offline/CMK-AGN-real29-clean/.cmk_atlas_staging_m3rqdt2p/supporting_independent/compatibility/baseline/BI/mlp/BI_3fold_summary.csv,/root/offline/CMK-AGN-real29-clean/results/baselines/BI/mlp/BI_3fold_summary.csv,/root/offline/CMK-AGN-real29-clean/results/baselines/BI/mlp/BI_3fold_summary.csv
baseline_summary,/root/offline/CMK-AGN-real29-clean/.cmk_atlas_staging_m3rqdt2p/supporting_independent/compatibility/baseline/BI/random_forest/BI_3fold_summary.csv,/root/offline/CMK-AGN-real29-clean/results/baselines/BI/random_forest/BI_3fold_summary.csv,/root/offline/CMK-AGN-real29-clean/results/baselines/BI/random_forest/BI_3fold_summary.csv
baseline_summary,/root/offline/CMK-AGN-real29-clean/.cmk_atlas_staging_m3rqdt2p/supporting_independent/compatibility/baseline/BI/ridge_logreg/BI_3fold_summary.csv,/root/offline/CMK-AGN-real29-clean/results/baselines/BI/ridge_logreg/BI_3fold_summary.csv,/root/offline/CMK-AGN-real29-clean/results/baselines/BI/ridge_logreg/BI_3fold_summary.csv
baseline_summary,/root/offline/CMK-AGN-real29-clean/.cmk_atlas_staging_m3rqdt2p/supporting_independent/compatibility/baseline/BI/svm_rbf/BI_3fold_summary.csv,/root/offline/CMK-AGN-real29-clean/results/baselines/BI/svm_rbf/BI_3fold_summary.csv,/root/offline/CMK-AGN-real29-clean/results/baselines/BI/svm_rbf/BI_3fold_summary.csv
baseline_summary,/root/offline/CMK-AGN-real29-clean/.cmk_atlas_staging_m3rqdt2p/supporting_independent/compatibility/baseline/BI/transformer_fusion/BI_3fold_summary.csv,/root/offline/CMK-AGN-real29-clean/results/baselines/BI/transformer_fusion/BI_3fold_summary.csv,/root/offline/CMK-AGN-real29-clean/results/baselines/BI/transformer_fusion/BI_3fold_summary.csv
baseline_summary,/root/offline/CMK-AGN-real29-clean/.cmk_atlas_staging_m3rqdt2p/supporting_independent/compatibility/baseline/BI/xgboost/BI_3fold_summary.csv,/root/offline/CMK-AGN-real29-clean/results/baselines/BI/xgboost/BI_3fold_summary.csv,/root/offline/CMK-AGN-real29-clean/results/baselines/BI/xgboost/BI_3fold_summary.csv
baseline_summary,/root/offline/CMK-AGN-real29-clean/.cmk_atlas_staging_m3rqdt2p/supporting_independent/compatibility/baseline/hand_tone/bilstm_attn/hand_tone_3fold_summary.csv,/root/offline/CMK-AGN-real29-clean/results/baselines/hand_tone/bilstm_attn/hand_tone_3fold_summary.csv,/root/offline/CMK-AGN-real29-clean/results/baselines/hand_tone/bilstm_attn/hand_tone_3fold_summary.csv
baseline_summary,/root/offline/CMK-AGN-real29-clean/.cmk_atlas_staging_m3rqdt2p/supporting_independent/compatibility/baseline/hand_tone/cnn1d/hand_tone_3fold_summary.csv,/root/offline/CMK-AGN-real29-clean/results/baselines/hand_tone/cnn1d/hand_tone_3fold_summary.csv,/root/offline/CMK-AGN-real29-clean/results/baselines/hand_tone/cnn1d/hand_tone_3fold_summary.csv
baseline_summary,/root/offline/CMK-AGN-real29-clean/.cmk_atlas_staging_m3rqdt2p/supporting_independent/compatibility/baseline/hand_tone/eegnet/hand_tone_3fold_summary.csv,/root/offline/CMK-AGN-real29-clean/results/baselines/hand_tone/eegnet/hand_tone_3fold_summary.csv,/root/offline/CMK-AGN-real29-clean/results/baselines/hand_tone/eegnet/hand_tone_3fold_summary.csv
baseline_summary,/root/offline/CMK-AGN-real29-clean/.cmk_atlas_staging_m3rqdt2p/supporting_independent/compatibility/baseline/hand_tone/mean_majority/hand_tone_3fold_summary.csv,/root/offline/CMK-AGN-real29-clean/results/baselines/hand_tone/mean_majority/hand_tone_3fold_summary.csv,/root/offline/CMK-AGN-real29-clean/results/baselines/hand_tone/mean_majority/hand_tone_3fold_summary.csv
baseline_summary,/root/offline/CMK-AGN-real29-clean/.cmk_atlas_staging_m3rqdt2p/supporting_independent/compatibility/baseline/hand_tone/mlp/hand_tone_3fold_summary.csv,/root/offline/CMK-AGN-real29-clean/results/baselines/hand_tone/mlp/hand_tone_3fold_summary.csv,/root/offline/CMK-AGN-real29-clean/results/baselines/hand_tone/mlp/hand_tone_3fold_summary.csv
baseline_summary,/root/offline/CMK-AGN-real29-clean/.cmk_atlas_staging_m3rqdt2p/supporting_independent/compatibility/baseline/hand_tone/random_forest/hand_tone_3fold_summary.csv,/root/offline/CMK-AGN-real29-clean/results/baselines/hand_tone/random_forest/hand_tone_3fold_summary.csv,/root/offline/CMK-AGN-real29-clean/results/baselines/hand_tone/random_forest/hand_tone_3fold_summary.csv
baseline_summary,/root/offline/CMK-AGN-real29-clean/.cmk_atlas_staging_m3rqdt2p/supporting_independent/compatibility/baseline/hand_tone/ridge_logreg/hand_tone_3fold_summary.csv,/root/offline/CMK-AGN-real29-clean/results/baselines/hand_tone/ridge_logreg/hand_tone_3fold_summary.csv,/root/offline/CMK-AGN-real29-clean/results/baselines/hand_tone/ridge_logreg/hand_tone_3fold_summary.csv
baseline_summary,/root/offline/CMK-AGN-real29-clean/.cmk_atlas_staging_m3rqdt2p/supporting_independent/compatibility/baseline/hand_tone/svm_rbf/hand_tone_3fold_summary.csv,/root/offline/CMK-AGN-real29-clean/results/baselines/hand_tone/svm_rbf/hand_tone_3fold_summary.csv,/root/offline/CMK-AGN-real29-clean/results/baselines/hand_tone/svm_rbf/hand_tone_3fold_summary.csv
baseline_summary,/root/offline/CMK-AGN-real29-clean/.cmk_atlas_staging_m3rqdt2p/supporting_independent/compatibility/baseline/hand_tone/transformer_fusion/hand_tone_3fold_summary.csv,/root/offline/CMK-AGN-real29-clean/results/baselines/hand_tone/transformer_fusion/hand_tone_3fold_summary.csv,/root/offline/CMK-AGN-real29-clean/results/baselines/hand_tone/transformer_fusion/hand_tone_3fold_summary.csv
baseline_summary,/root/offline/CMK-AGN-real29-clean/.cmk_atlas_staging_m3rqdt2p/supporting_independent/compatibility/baseline/hand_tone/xgboost/hand_tone_3fold_summary.csv,/root/offline/CMK-AGN-real29-clean/results/baselines/hand_tone/xgboost/hand_tone_3fold_summary.csv,/root/offline/CMK-AGN-real29-clean/results/baselines/hand_tone/xgboost/hand_tone_3fold_summary.csv
baseline_summary,/root/offline/CMK-AGN-real29-clean/.cmk_atlas_staging_m3rqdt2p/supporting_independent/compatibility/baseline/hand_function/bilstm_attn/hand_function_3fold_summary.csv,/root/offline/CMK-AGN-real29-clean/results/baselines/hand_function/bilstm_attn/hand_function_3fold_summary.csv,/root/offline/CMK-AGN-real29-clean/results/baselines/hand_function/bilstm_attn/hand_function_3fold_summary.csv
baseline_summary,/root/offline/CMK-AGN-real29-clean/.cmk_atlas_staging_m3rqdt2p/supporting_independent/compatibility/baseline/hand_function/cnn1d/hand_function_3fold_summary.csv,/root/offline/CMK-AGN-real29-clean/results/baselines/hand_function/cnn1d/hand_function_3fold_summary.csv,/root/offline/CMK-AGN-real29-clean/results/baselines/hand_function/cnn1d/hand_function_3fold_summary.csv
baseline_summary,/root/offline/CMK-AGN-real29-clean/.cmk_atlas_staging_m3rqdt2p/supporting_independent/compatibility/baseline/hand_function/eegnet/hand_function_3fold_summary.csv,/root/offline/CMK-AGN-real29-clean/results/baselines/hand_function/eegnet/hand_function_3fold_summary.csv,/root/offline/CMK-AGN-real29-clean/results/baselines/hand_function/eegnet/hand_function_3fold_summary.csv
baseline_summary,/root/offline/CMK-AGN-real29-clean/.cmk_atlas_staging_m3rqdt2p/supporting_independent/compatibility/baseline/hand_function/mean_majority/hand_function_3fold_summary.csv,/root/offline/CMK-AGN-real29-clean/results/baselines/hand_function/mean_majority/hand_function_3fold_summary.csv,/root/offline/CMK-AGN-real29-clean/results/baselines/hand_function/mean_majority/hand_function_3fold_summary.csv
baseline_summary,/root/offline/CMK-AGN-real29-clean/.cmk_atlas_staging_m3rqdt2p/supporting_independent/compatibility/baseline/hand_function/mlp/hand_function_3fold_summary.csv,/root/offline/CMK-AGN-real29-clean/results/baselines/hand_function/mlp/hand_function_3fold_summary.csv,/root/offline/CMK-AGN-real29-clean/results/baselines/hand_function/mlp/hand_function_3fold_summary.csv
baseline_summary,/root/offline/CMK-AGN-real29-clean/.cmk_atlas_staging_m3rqdt2p/supporting_independent/compatibility/baseline/hand_function/random_forest/hand_function_3fold_summary.csv,/root/offline/CMK-AGN-real29-clean/results/baselines/hand_function/random_forest/hand_function_3fold_summary.csv,/root/offline/CMK-AGN-real29-clean/results/baselines/hand_function/random_forest/hand_function_3fold_summary.csv
baseline_summary,/root/offline/CMK-AGN-real29-clean/.cmk_atlas_staging_m3rqdt2p/supporting_independent/compatibility/baseline/hand_function/ridge_logreg/hand_function_3fold_summary.csv,/root/offline/CMK-AGN-real29-clean/results/baselines/hand_function/ridge_logreg/hand_function_3fold_summary.csv,/root/offline/CMK-AGN-real29-clean/results/baselines/hand_function/ridge_logreg/hand_function_3fold_summary.csv
baseline_summary,/root/offline/CMK-AGN-real29-clean/.cmk_atlas_staging_m3rqdt2p/supporting_independent/compatibility/baseline/hand_function/svm_rbf/hand_function_3fold_summary.csv,/root/offline/CMK-AGN-real29-clean/results/baselines/hand_function/svm_rbf/hand_function_3fold_summary.csv,/root/offline/CMK-AGN-real29-clean/results/baselines/hand_function/svm_rbf/hand_function_3fold_summary.csv
baseline_summary,/root/offline/CMK-AGN-real29-clean/.cmk_atlas_staging_m3rqdt2p/supporting_independent/compatibility/baseline/hand_function/transformer_fusion/hand_function_3fold_summary.csv,/root/offline/CMK-AGN-real29-clean/results/baselines/hand_function/transformer_fusion/hand_function_3fold_summary.csv,/root/offline/CMK-AGN-real29-clean/results/baselines/hand_function/transformer_fusion/hand_function_3fold_summary.csv
baseline_summary,/root/offline/CMK-AGN-real29-clean/.cmk_atlas_staging_m3rqdt2p/supporting_independent/compatibility/baseline/hand_function/xgboost/hand_function_3fold_summary.csv,/root/offline/CMK-AGN-real29-clean/results/baselines/hand_function/xgboost/hand_function_3fold_summary.csv,/root/offline/CMK-AGN-real29-clean/results/baselines/hand_function/xgboost/hand_function_3fold_summary.csv
modality_summary,/root/offline/CMK-AGN-real29-clean/.cmk_atlas_staging_m3rqdt2p/supporting_independent/compatibility/ablation/modality/eeg_emg/FMA_UE/FMA_UE_3fold_summary.csv,/root/offline/CMK-AGN-real29-clean/results/modality/eeg_emg/FMA_UE/FMA_UE_3fold_summary.csv,/root/offline/CMK-AGN-real29-clean/results/modality/eeg_emg/FMA_UE/FMA_UE_3fold_summary.csv
modality_summary,/root/offline/CMK-AGN-real29-clean/.cmk_atlas_staging_m3rqdt2p/supporting_independent/compatibility/ablation/modality/eeg_emg/BI/BI_3fold_summary.csv,/root/offline/CMK-AGN-real29-clean/results/modality/eeg_emg/BI/BI_3fold_summary.csv,/root/offline/CMK-AGN-real29-clean/results/modality/eeg_emg/BI/BI_3fold_summary.csv
modality_summary,/root/offline/CMK-AGN-real29-clean/.cmk_atlas_staging_m3rqdt2p/supporting_independent/compatibility/ablation/modality/eeg_emg/hand_tone/hand_tone_3fold_summary.csv,/root/offline/CMK-AGN-real29-clean/results/modality/eeg_emg/hand_tone/hand_tone_3fold_summary.csv,/root/offline/CMK-AGN-real29-clean/results/modality/eeg_emg/hand_tone/hand_tone_3fold_summary.csv
modality_summary,/root/offline/CMK-AGN-real29-clean/.cmk_atlas_staging_m3rqdt2p/supporting_independent/compatibility/ablation/modality/eeg_emg/hand_function/hand_function_3fold_summary.csv,/root/offline/CMK-AGN-real29-clean/results/modality/eeg_emg/hand_function/hand_function_3fold_summary.csv,/root/offline/CMK-AGN-real29-clean/results/modality/eeg_emg/hand_function/hand_function_3fold_summary.csv
modality_summary,/root/offline/CMK-AGN-real29-clean/.cmk_atlas_staging_m3rqdt2p/supporting_independent/compatibility/ablation/modality/eeg_imu/FMA_UE/FMA_UE_3fold_summary.csv,/root/offline/CMK-AGN-real29-clean/results/modality/eeg_imu/FMA_UE/FMA_UE_3fold_summary.csv,/root/offline/CMK-AGN-real29-clean/results/modality/eeg_imu/FMA_UE/FMA_UE_3fold_summary.csv
modality_summary,/root/offline/CMK-AGN-real29-clean/.cmk_atlas_staging_m3rqdt2p/supporting_independent/compatibility/ablation/modality/eeg_imu/BI/BI_3fold_summary.csv,/root/offline/CMK-AGN-real29-clean/results/modality/eeg_imu/BI/BI_3fold_summary.csv,/root/offline/CMK-AGN-real29-clean/results/modality/eeg_imu/BI/BI_3fold_summary.csv
modality_summary,/root/offline/CMK-AGN-real29-clean/.cmk_atlas_staging_m3rqdt2p/supporting_independent/compatibility/ablation/modality/eeg_imu/hand_tone/hand_tone_3fold_summary.csv,/root/offline/CMK-AGN-real29-clean/results/modality/eeg_imu/hand_tone/hand_tone_3fold_summary.csv,/root/offline/CMK-AGN-real29-clean/results/modality/eeg_imu/hand_tone/hand_tone_3fold_summary.csv
modality_summary,/root/offline/CMK-AGN-real29-clean/.cmk_atlas_staging_m3rqdt2p/supporting_independent/compatibility/ablation/modality/eeg_imu/hand_function/hand_function_3fold_summary.csv,/root/offline/CMK-AGN-real29-clean/results/modality/eeg_imu/hand_function/hand_function_3fold_summary.csv,/root/offline/CMK-AGN-real29-clean/results/modality/eeg_imu/hand_function/hand_function_3fold_summary.csv
modality_summary,/root/offline/CMK-AGN-real29-clean/.cmk_atlas_staging_m3rqdt2p/supporting_independent/compatibility/ablation/modality/eeg_only/FMA_UE/FMA_UE_3fold_summary.csv,/root/offline/CMK-AGN-real29-clean/results/modality/eeg_only/FMA_UE/FMA_UE_3fold_summary.csv,/root/offline/CMK-AGN-real29-clean/results/modality/eeg_only/FMA_UE/FMA_UE_3fold_summary.csv
modality_summary,/root/offline/CMK-AGN-real29-clean/.cmk_atlas_staging_m3rqdt2p/supporting_independent/compatibility/ablation/modality/eeg_only/BI/BI_3fold_summary.csv,/root/offline/CMK-AGN-real29-clean/results/modality/eeg_only/BI/BI_3fold_summary.csv,/root/offline/CMK-AGN-real29-clean/results/modality/eeg_only/BI/BI_3fold_summary.csv
modality_summary,/root/offline/CMK-AGN-real29-clean/.cmk_atlas_staging_m3rqdt2p/supporting_independent/compatibility/ablation/modality/eeg_only/hand_tone/hand_tone_3fold_summary.csv,/root/offline/CMK-AGN-real29-clean/results/modality/eeg_only/hand_tone/hand_tone_3fold_summary.csv,/root/offline/CMK-AGN-real29-clean/results/modality/eeg_only/hand_tone/hand_tone_3fold_summary.csv
modality_summary,/root/offline/CMK-AGN-real29-clean/.cmk_atlas_staging_m3rqdt2p/supporting_independent/compatibility/ablation/modality/eeg_only/hand_function/hand_function_3fold_summary.csv,/root/offline/CMK-AGN-real29-clean/results/modality/eeg_only/hand_function/hand_function_3fold_summary.csv,/root/offline/CMK-AGN-real29-clean/results/modality/eeg_only/hand_function/hand_function_3fold_summary.csv
modality_summary,/root/offline/CMK-AGN-real29-clean/.cmk_atlas_staging_m3rqdt2p/supporting_independent/compatibility/ablation/modality/emg_imu/FMA_UE/FMA_UE_3fold_summary.csv,/root/offline/CMK-AGN-real29-clean/results/modality/emg_imu/FMA_UE/FMA_UE_3fold_summary.csv,/root/offline/CMK-AGN-real29-clean/results/modality/emg_imu/FMA_UE/FMA_UE_3fold_summary.csv
modality_summary,/root/offline/CMK-AGN-real29-clean/.cmk_atlas_staging_m3rqdt2p/supporting_independent/compatibility/ablation/modality/emg_imu/BI/BI_3fold_summary.csv,/root/offline/CMK-AGN-real29-clean/results/modality/emg_imu/BI/BI_3fold_summary.csv,/root/offline/CMK-AGN-real29-clean/results/modality/emg_imu/BI/BI_3fold_summary.csv
modality_summary,/root/offline/CMK-AGN-real29-clean/.cmk_atlas_staging_m3rqdt2p/supporting_independent/compatibility/ablation/modality/emg_imu/hand_tone/hand_tone_3fold_summary.csv,/root/offline/CMK-AGN-real29-clean/results/modality/emg_imu/hand_tone/hand_tone_3fold_summary.csv,/root/offline/CMK-AGN-real29-clean/results/modality/emg_imu/hand_tone/hand_tone_3fold_summary.csv
modality_summary,/root/offline/CMK-AGN-real29-clean/.cmk_atlas_staging_m3rqdt2p/supporting_independent/compatibility/ablation/modality/emg_imu/hand_function/hand_function_3fold_summary.csv,/root/offline/CMK-AGN-real29-clean/results/modality/emg_imu/hand_function/hand_function_3fold_summary.csv,/root/offline/CMK-AGN-real29-clean/results/modality/emg_imu/hand_function/hand_function_3fold_summary.csv
modality_summary,/root/offline/CMK-AGN-real29-clean/.cmk_atlas_staging_m3rqdt2p/supporting_independent/compatibility/ablation/modality/emg_only/FMA_UE/FMA_UE_3fold_summary.csv,/root/offline/CMK-AGN-real29-clean/results/modality/emg_only/FMA_UE/FMA_UE_3fold_summary.csv,/root/offline/CMK-AGN-real29-clean/results/modality/emg_only/FMA_UE/FMA_UE_3fold_summary.csv
modality_summary,/root/offline/CMK-AGN-real29-clean/.cmk_atlas_staging_m3rqdt2p/supporting_independent/compatibility/ablation/modality/emg_only/BI/BI_3fold_summary.csv,/root/offline/CMK-AGN-real29-clean/results/modality/emg_only/BI/BI_3fold_summary.csv,/root/offline/CMK-AGN-real29-clean/results/modality/emg_only/BI/BI_3fold_summary.csv
modality_summary,/root/offline/CMK-AGN-real29-clean/.cmk_atlas_staging_m3rqdt2p/supporting_independent/compatibility/ablation/modality/emg_only/hand_tone/hand_tone_3fold_summary.csv,/root/offline/CMK-AGN-real29-clean/results/modality/emg_only/hand_tone/hand_tone_3fold_summary.csv,/root/offline/CMK-AGN-real29-clean/results/modality/emg_only/hand_tone/hand_tone_3fold_summary.csv
modality_summary,/root/offline/CMK-AGN-real29-clean/.cmk_atlas_staging_m3rqdt2p/supporting_independent/compatibility/ablation/modality/emg_only/hand_function/hand_function_3fold_summary.csv,/root/offline/CMK-AGN-real29-clean/results/modality/emg_only/hand_function/hand_function_3fold_summary.csv,/root/offline/CMK-AGN-real29-clean/results/modality/emg_only/hand_function/hand_function_3fold_summary.csv
modality_summary,/root/offline/CMK-AGN-real29-clean/.cmk_atlas_staging_m3rqdt2p/supporting_independent/compatibility/ablation/modality/imu_only/FMA_UE/FMA_UE_3fold_summary.csv,/root/offline/CMK-AGN-real29-clean/results/modality/imu_only/FMA_UE/FMA_UE_3fold_summary.csv,/root/offline/CMK-AGN-real29-clean/results/modality/imu_only/FMA_UE/FMA_UE_3fold_summary.csv
modality_summary,/root/offline/CMK-AGN-real29-clean/.cmk_atlas_staging_m3rqdt2p/supporting_independent/compatibility/ablation/modality/imu_only/BI/BI_3fold_summary.csv,/root/offline/CMK-AGN-real29-clean/results/modality/imu_only/BI/BI_3fold_summary.csv,/root/offline/CMK-AGN-real29-clean/results/modality/imu_only/BI/BI_3fold_summary.csv
modality_summary,/root/offline/CMK-AGN-real29-clean/.cmk_atlas_staging_m3rqdt2p/supporting_independent/compatibility/ablation/modality/imu_only/hand_tone/hand_tone_3fold_summary.csv,/root/offline/CMK-AGN-real29-clean/results/modality/imu_only/hand_tone/hand_tone_3fold_summary.csv,/root/offline/CMK-AGN-real29-clean/results/modality/imu_only/hand_tone/hand_tone_3fold_summary.csv
modality_summary,/root/offline/CMK-AGN-real29-clean/.cmk_atlas_staging_m3rqdt2p/supporting_independent/compatibility/ablation/modality/imu_only/hand_function/hand_function_3fold_summary.csv,/root/offline/CMK-AGN-real29-clean/results/modality/imu_only/hand_function/hand_function_3fold_summary.csv,/root/offline/CMK-AGN-real29-clean/results/modality/imu_only/hand_function/hand_function_3fold_summary.csv
module_summary,/root/offline/CMK-AGN-real29-clean/.cmk_atlas_staging_m3rqdt2p/supporting_independent/compatibility/ablation/module/tri/FMA_UE/FMA_UE_3fold_summary.csv,/root/offline/CMK-AGN-real29-clean/results/module/tri/FMA_UE/FMA_UE_3fold_summary.csv,/root/offline/CMK-AGN-real29-clean/results/module/tri/FMA_UE/FMA_UE_3fold_summary.csv
module_summary,/root/offline/CMK-AGN-real29-clean/.cmk_atlas_staging_m3rqdt2p/supporting_independent/compatibility/ablation/module/tri/BI/BI_3fold_summary.csv,/root/offline/CMK-AGN-real29-clean/results/module/tri/BI/BI_3fold_summary.csv,/root/offline/CMK-AGN-real29-clean/results/module/tri/BI/BI_3fold_summary.csv
module_summary,/root/offline/CMK-AGN-real29-clean/.cmk_atlas_staging_m3rqdt2p/supporting_independent/compatibility/ablation/module/tri/hand_tone/hand_tone_3fold_summary.csv,/root/offline/CMK-AGN-real29-clean/results/module/tri/hand_tone/hand_tone_3fold_summary.csv,/root/offline/CMK-AGN-real29-clean/results/module/tri/hand_tone/hand_tone_3fold_summary.csv
module_summary,/root/offline/CMK-AGN-real29-clean/.cmk_atlas_staging_m3rqdt2p/supporting_independent/compatibility/ablation/module/tri/hand_function/hand_function_3fold_summary.csv,/root/offline/CMK-AGN-real29-clean/results/module/tri/hand_function/hand_function_3fold_summary.csv,/root/offline/CMK-AGN-real29-clean/results/module/tri/hand_function/hand_function_3fold_summary.csv
module_summary,/root/offline/CMK-AGN-real29-clean/.cmk_atlas_staging_m3rqdt2p/supporting_independent/compatibility/ablation/module/wo_mdfan/FMA_UE/FMA_UE_3fold_summary.csv,/root/offline/CMK-AGN-real29-clean/results/module/wo_mdfan/FMA_UE/FMA_UE_3fold_summary.csv,/root/offline/CMK-AGN-real29-clean/results/module/wo_mdfan/FMA_UE/FMA_UE_3fold_summary.csv
module_summary,/root/offline/CMK-AGN-real29-clean/.cmk_atlas_staging_m3rqdt2p/supporting_independent/compatibility/ablation/module/wo_mdfan/BI/BI_3fold_summary.csv,/root/offline/CMK-AGN-real29-clean/results/module/wo_mdfan/BI/BI_3fold_summary.csv,/root/offline/CMK-AGN-real29-clean/results/module/wo_mdfan/BI/BI_3fold_summary.csv
module_summary,/root/offline/CMK-AGN-real29-clean/.cmk_atlas_staging_m3rqdt2p/supporting_independent/compatibility/ablation/module/wo_mdfan/hand_tone/hand_tone_3fold_summary.csv,/root/offline/CMK-AGN-real29-clean/results/module/wo_mdfan/hand_tone/hand_tone_3fold_summary.csv,/root/offline/CMK-AGN-real29-clean/results/module/wo_mdfan/hand_tone/hand_tone_3fold_summary.csv
module_summary,/root/offline/CMK-AGN-real29-clean/.cmk_atlas_staging_m3rqdt2p/supporting_independent/compatibility/ablation/module/wo_mdfan/hand_function/hand_function_3fold_summary.csv,/root/offline/CMK-AGN-real29-clean/results/module/wo_mdfan/hand_function/hand_function_3fold_summary.csv,/root/offline/CMK-AGN-real29-clean/results/module/wo_mdfan/hand_function/hand_function_3fold_summary.csv
module_summary,/root/offline/CMK-AGN-real29-clean/.cmk_atlas_staging_m3rqdt2p/supporting_independent/compatibility/ablation/module/wo_trialign/FMA_UE/FMA_UE_3fold_summary.csv,/root/offline/CMK-AGN-real29-clean/results/module/wo_trialign/FMA_UE/FMA_UE_3fold_summary.csv,/root/offline/CMK-AGN-real29-clean/results/module/wo_trialign/FMA_UE/FMA_UE_3fold_summary.csv
module_summary,/root/offline/CMK-AGN-real29-clean/.cmk_atlas_staging_m3rqdt2p/supporting_independent/compatibility/ablation/module/wo_trialign/BI/BI_3fold_summary.csv,/root/offline/CMK-AGN-real29-clean/results/module/wo_trialign/BI/BI_3fold_summary.csv,/root/offline/CMK-AGN-real29-clean/results/module/wo_trialign/BI/BI_3fold_summary.csv
module_summary,/root/offline/CMK-AGN-real29-clean/.cmk_atlas_staging_m3rqdt2p/supporting_independent/compatibility/ablation/module/wo_trialign/hand_tone/hand_tone_3fold_summary.csv,/root/offline/CMK-AGN-real29-clean/results/module/wo_trialign/hand_tone/hand_tone_3fold_summary.csv,/root/offline/CMK-AGN-real29-clean/results/module/wo_trialign/hand_tone/hand_tone_3fold_summary.csv
module_summary,/root/offline/CMK-AGN-real29-clean/.cmk_atlas_staging_m3rqdt2p/supporting_independent/compatibility/ablation/module/wo_trialign/hand_function/hand_function_3fold_summary.csv,/root/offline/CMK-AGN-real29-clean/results/module/wo_trialign/hand_function/hand_function_3fold_summary.csv,/root/offline/CMK-AGN-real29-clean/results/module/wo_trialign/hand_function/hand_function_3fold_summary.csv
module_summary,/root/offline/CMK-AGN-real29-clean/.cmk_atlas_staging_m3rqdt2p/supporting_independent/compatibility/ablation/module/wo_wbydtw/FMA_UE/FMA_UE_3fold_summary.csv,/root/offline/CMK-AGN-real29-clean/results/module/wo_wbydtw/FMA_UE/FMA_UE_3fold_summary.csv,/root/offline/CMK-AGN-real29-clean/results/module/wo_wbydtw/FMA_UE/FMA_UE_3fold_summary.csv
module_summary,/root/offline/CMK-AGN-real29-clean/.cmk_atlas_staging_m3rqdt2p/supporting_independent/compatibility/ablation/module/wo_wbydtw/BI/BI_3fold_summary.csv,/root/offline/CMK-AGN-real29-clean/results/module/wo_wbydtw/BI/BI_3fold_summary.csv,/root/offline/CMK-AGN-real29-clean/results/module/wo_wbydtw/BI/BI_3fold_summary.csv
module_summary,/root/offline/CMK-AGN-real29-clean/.cmk_atlas_staging_m3rqdt2p/supporting_independent/compatibility/ablation/module/wo_wbydtw/hand_tone/hand_tone_3fold_summary.csv,/root/offline/CMK-AGN-real29-clean/results/module/wo_wbydtw/hand_tone/hand_tone_3fold_summary.csv,/root/offline/CMK-AGN-real29-clean/results/module/wo_wbydtw/hand_tone/hand_tone_3fold_summary.csv
module_summary,/root/offline/CMK-AGN-real29-clean/.cmk_atlas_staging_m3rqdt2p/supporting_independent/compatibility/ablation/module/wo_wbydtw/hand_function/hand_function_3fold_summary.csv,/root/offline/CMK-AGN-real29-clean/results/module/wo_wbydtw/hand_function/hand_function_3fold_summary.csv,/root/offline/CMK-AGN-real29-clean/results/module/wo_wbydtw/hand_function/hand_function_3fold_summary.csv
