patient_id,fold,y_true,seed2024_pred,seed42_pred,seed1337_pred,ensemble_raw_pred,final_pred,absolute_error,signed_error,tolerance_hit,official_tolerance
1,1,60.0,69.61861419677734,57.54448699951172,63.34260177612305,64.28400363922118,64.28400363922118,4.284003639221183,4.284003639221183,True,10.0
9,1,90.0,89.85501480102539,85.61074829101562,94.7993392944336,94.05769062042236,94.05769062042236,4.057690620422363,4.057690620422363,True,10.0
11,1,65.0,56.5882568359375,54.94160079956055,56.85285949707031,56.81316909790039,56.81316909790039,8.186830902099608,-8.186830902099608,True,10.0
13,1,55.0,32.34775924682617,45.58964157104492,32.88225555419922,32.80208110809326,32.80208110809326,22.19791889190674,-22.19791889190674,False,10.0
16,1,60.0,86.00481414794922,82.09052658081055,90.69844818115234,89.99440307617186,89.99440307617186,29.994403076171864,29.994403076171864,False,10.0
18,1,95.0,85.64324569702148,79.35913467407227,94.77110290527344,93.40192432403563,93.40192432403563,1.5980756759643668,-1.5980756759643668,True,10.0
20,1,95.0,77.85437774658203,80.73075866699219,87.67732238769531,86.20388069152831,86.20388069152831,8.796119308471688,-8.796119308471688,True,10.0
21,1,95.0,80.66387557983398,79.59523010253906,86.09989929199219,85.28449573516845,85.28449573516845,9.715504264831551,-9.715504264831551,True,10.0
25,1,70.0,93.18802642822266,85.79483032226562,96.61286926269533,96.09914283752444,96.09914283752444,26.09914283752444,26.09914283752444,False,10.0
27,1,30.0,29.34672737121582,49.90420150756836,26.921573638916016,27.285346698760986,27.285346698760986,2.7146533012390144,-2.7146533012390144,True,10.0
3,2,60.0,70.14056396484375,76.83641815185547,90.85053253173828,73.24705924987792,73.24705924987792,13.24705924987792,13.24705924987792,False,10.0
7,2,80.0,92.9625244140625,77.36277770996094,92.76829528808594,92.93339004516602,92.93339004516602,12.93339004516602,12.93339004516602,False,10.0
14,2,60.0,61.49055480957031,62.52972412109375,63.68312454223633,61.81944026947021,61.81944026947021,1.8194402694702132,1.8194402694702132,True,10.0
15,2,60.0,46.89164161682129,54.15209579467773,63.927053451538086,49.44695339202881,49.44695339202881,10.55304660797119,-10.55304660797119,False,10.0
17,2,90.0,57.28161430358887,62.41591262817383,61.316837310791016,57.88689775466919,57.88689775466919,32.11310224533081,-32.11310224533081,False,10.0
19,2,80.0,86.3541259765625,72.52053833007812,88.34150695800781,86.65223312377928,86.65223312377928,6.652233123779283,6.652233123779283,True,10.0
22,2,55.0,49.97406005859375,53.46616172790527,55.04886436462402,50.73528070449829,50.73528070449829,4.264719295501713,-4.264719295501713,True,10.0
23,2,95.0,64.16691207885742,64.33040618896484,72.54638671875,65.42383327484131,65.42383327484131,29.57616672515869,-29.57616672515869,False,10.0
24,2,25.0,26.48883628845215,51.39870071411133,33.39992904663086,27.52550020217896,27.52550020217896,2.525500202178957,2.525500202178957,True,10.0
29,2,70.0,68.3377685546875,62.50762939453125,69.80679321289062,68.55812225341796,68.55812225341796,1.441877746582037,-1.441877746582037,True,10.0
2,3,90.0,71.5332260131836,70.49073028564453,90.70575714111328,90.70575714111328,90.70575714111328,0.7057571411132812,0.7057571411132812,True,10.0
4,3,90.0,75.56224060058594,69.69457244873047,91.49535369873048,91.49535369873048,91.49535369873048,1.495353698730483,1.495353698730483,True,10.0
5,3,20.0,50.803016662597656,45.13222122192383,47.60760116577149,47.60760116577149,47.60760116577149,27.60760116577149,27.60760116577149,False,10.0
6,3,35.0,51.79254913330078,48.22740173339844,48.735294342041016,48.735294342041016,48.735294342041016,13.735294342041016,13.735294342041016,False,10.0
8,3,50.0,71.34967041015625,70.19216918945312,60.07230186462402,60.07230186462402,60.07230186462402,10.072301864624023,10.072301864624023,False,10.0
10,3,100.0,86.77925109863281,79.96092987060547,89.68913650512695,89.68913650512695,89.68913650512695,10.310863494873049,-10.310863494873049,False,10.0
12,3,50.0,70.05565643310547,61.56394577026367,79.03402709960938,79.03402709960938,79.03402709960938,29.03402709960937,29.03402709960937,False,10.0
26,3,30.0,54.00691986083984,47.309200286865234,51.42118453979492,51.42118453979492,51.42118453979492,21.42118453979492,21.42118453979492,False,10.0
28,3,85.0,86.07366561889648,85.40863037109375,90.14615631103516,90.14615631103516,90.14615631103516,5.146156311035156,5.146156311035156,True,10.0
