variant,metric,mean,std,n_folds
human_only,n,4.333333333333333,0.5773502691896257,3
human_only,char_bleu4,32.55233534029495,2.0203333357059017,3
human_only,sacrebleu_zh,27.029929324839348,2.8829597332522856,3
human_only,word_bleu4,24.255734770521844,3.3294163811658577,3
human_only,rouge1_f,54.39656918203041,3.015021737987721,3
human_only,rouge2_f,32.35702813619937,3.4270114677339185,3
human_only,rougeL_f,44.287475473786685,3.239094115376295,3
human_only,all_input_values_correct_rate,1.0,0.0,3
human_only,fact_value_complete_rate,1.0,0.0,3
human_only,recommendation_safe_rate,1.0,0.0,3
human_only,policy_coverage_rate,1.0,0.0,3
human_only,final_report_safe_rate,1.0,0.0,3
human_plus_aux,n,4.333333333333333,0.5773502691896257,3
human_plus_aux,char_bleu4,37.280393443619694,2.3891280555036833,3
human_plus_aux,sacrebleu_zh,32.27699243443516,2.427476956141735,3
human_plus_aux,word_bleu4,29.412310257615143,2.848428087734575,3
human_plus_aux,rouge1_f,57.494457263984486,4.461194208702878,3
human_plus_aux,rouge2_f,34.2908257306912,3.603502777104561,3
human_plus_aux,rougeL_f,48.14579719559271,3.496385312775743,3
human_plus_aux,all_input_values_correct_rate,1.0,0.0,3
human_plus_aux,fact_value_complete_rate,1.0,0.0,3
human_plus_aux,recommendation_safe_rate,1.0,0.0,3
human_plus_aux,policy_coverage_rate,1.0,0.0,3
human_plus_aux,final_report_safe_rate,1.0,0.0,3
delta_plus_minus_human_only,n,0.0,nan,3
delta_plus_minus_human_only,char_bleu4,4.7280581033247415,nan,3
delta_plus_minus_human_only,sacrebleu_zh,5.2470631095958105,nan,3
delta_plus_minus_human_only,word_bleu4,5.156575487093299,nan,3
delta_plus_minus_human_only,rouge1_f,3.097888081954075,nan,3
delta_plus_minus_human_only,rouge2_f,1.9337975944918355,nan,3
delta_plus_minus_human_only,rougeL_f,3.8583217218060284,nan,3
delta_plus_minus_human_only,all_input_values_correct_rate,0.0,nan,3
delta_plus_minus_human_only,fact_value_complete_rate,0.0,nan,3
delta_plus_minus_human_only,recommendation_safe_rate,0.0,nan,3
delta_plus_minus_human_only,policy_coverage_rate,0.0,nan,3
delta_plus_minus_human_only,final_report_safe_rate,0.0,nan,3
