patient_id,fold,y_true,seed2024_pred,seed42_pred,seed1337_pred,ensemble_raw_pred,final_pred,absolute_error,signed_error,tolerance_hit
1,1,1.0,1.7006462812423706,4.4460768699646,3.737683296203613,3.2948021491368613,3.5,2.5,2.5,False
11,1,7.0,3.865382194519043,5.858389377593994,4.208207130432129,4.643992900848389,4.5,2.5,-2.5,False
13,1,1.0,1.0240256786346436,0.4882712364196777,0.5626987218856812,0.6916652123133341,0.5,0.5,-0.5,True
16,1,13.0,13.093791007995604,15.312094688415527,17.677350997924805,15.361078898111979,15.5,2.5,2.5,False
18,1,12.0,14.086185932159424,16.55556297302246,18.67664051055908,16.439463138580322,16.5,4.5,4.5,False
20,1,20.0,12.12326192855835,15.70630931854248,17.04674243927002,14.958771228790283,15.0,5.0,-5.0,False
21,1,11.0,10.594674110412598,14.222249507904053,16.113283157348633,13.643402258555094,13.5,2.5,2.5,False
25,1,19.0,18.886021614074707,19.304636001586918,19.764205932617188,19.31828784942627,19.5,0.5,0.5,True
27,1,1.0,0.0360184609889984,0.1455537676811218,0.1358113884925842,0.10579453905423479,0.0,1.0,-1.0,True
9,1,19.0,19.27497291564941,18.988449096679688,19.536155700683597,19.266525904337566,19.5,0.5,0.5,True
14,2,8.0,9.852272033691406,8.453198432922363,10.46827793121338,9.591249465942383,9.5,1.5,1.5,True
15,2,1.0,1.154794216156006,0.234397292137146,3.366877555847168,1.58535635471344,1.5,0.5,0.5,True
17,2,19.0,7.533882617950439,9.094895362854004,8.795444011688232,8.474740664164225,8.5,10.5,-10.5,False
19,2,18.0,17.837440490722656,17.358570098876953,17.63028335571289,17.6087646484375,17.5,0.5,-0.5,True
22,2,11.0,3.6840165853500366,1.0036115646362305,5.877579927444458,3.5217360258102417,3.5,7.5,-7.5,False
23,2,20.0,13.697368621826172,9.81448221206665,12.799930572509766,12.10392713546753,12.0,8.0,-8.0,False
24,2,0.0,0.2351402640342712,0.1722616553306579,0.4078164100646972,0.27173944314320875,0.5,0.5,0.5,True
29,2,4.0,13.832032203674316,10.598090648651125,13.89362621307373,12.774583021799723,13.0,9.0,9.0,False
3,2,18.0,19.53342056274414,19.887434005737305,19.904882431030277,19.775245666503906,20.0,2.0,2.0,False
7,2,20.0,19.647253036499023,19.937631607055664,19.929367065429688,19.838083902994793,20.0,0.0,0.0,True
10,3,20.0,19.1140193939209,19.21852302551269,19.994579315185547,19.442373911539715,19.0,1.0,-1.0,True
12,3,8.0,8.184821605682373,6.311063289642334,9.137422561645508,7.877769152323405,8.0,0.0,0.0,True
2,3,19.0,19.095687866210938,19.162731170654297,18.933565139770508,19.063994725545246,19.0,0.0,0.0,True
26,3,0.0,0.5672323703765869,0.794948935508728,1.2269520163536072,0.8630444407463074,1.0,1.0,1.0,True
28,3,13.0,19.172452926635746,15.721688747406006,19.79342460632324,18.229188760121662,18.0,5.0,5.0,False
4,3,18.0,19.33295440673828,18.97126197814941,19.960847854614254,19.421688079833984,19.0,1.0,1.0,True
5,3,1.0,0.4007242321968078,0.5471981167793274,3.24540114402771,1.3977744976679485,1.0,0.0,0.0,True
6,3,1.0,0.3863605260848999,0.5838998556137085,0.5280345976352692,0.49943165977795917,0.0,1.0,-1.0,True
8,3,5.0,5.377496719360352,7.136310577392578,8.034166812896729,6.849324703216553,7.0,2.0,2.0,False
