paper_figure,title,script,authoritative_output,source_data,reproducibility_status
1,Overall architecture of TRACE and downstream RehabFact reporting layer,visualization/fig01_trace_overall_architecture.py,figures/Fig01_TRACE_overall_architecture.png,,frozen_raster_editable_source_absent
2,Physiology-constrained multimodal graph attention fusion MDFan,visualization/fig02_mdfan_graph_attention.py,figures/Fig02_MDFan_graph_attention.png,,frozen_raster_editable_source_absent
3,Patient-level multiple-instance aggregation,visualization/fig03_patient_level_mil.py,figures/Fig03_Patient_level_MIL.png,,frozen_raster_editable_source_absent
4,Primary patient-independent regression endpoints,visualization/fig04_primary_regression_endpoints.py,figures/Fig04_Primary_regression_endpoints.png,visualization/source_data/Fig04_Primary_regression_endpoints.csv,fully_rebuildable
5,FMA patient-level diagnostic analysis,visualization/fig05_fma_patient_diagnostics.py,figures/Fig05_FMA_patient_diagnostics.png,visualization/source_data/Fig05_FMA_patient_diagnostics.csv,fully_rebuildable
6,Barthel Index patient-level diagnostic analysis,visualization/fig06_bi_patient_diagnostics.py,figures/Fig06_BI_patient_diagnostics.png,visualization/source_data/Fig06_BI_patient_diagnostics.csv,fully_rebuildable
7,Clinical tolerance coverage across sensitivity thresholds,visualization/fig07_clinical_tolerance_coverage.py,figures/Fig07_Clinical_tolerance_coverage.png,visualization/source_data/Fig07_Clinical_tolerance_coverage.csv,fully_rebuildable
8,Secondary benchmark comparison across four endpoints,visualization/fig08_secondary_benchmark_comparison.py,figures/Fig08_Secondary_benchmark_comparison.png,visualization/source_data/Fig08_Secondary_benchmark_comparison.provenance.csv,frozen_render_complete_numeric_table_absent
9,Exploratory ordinal confusion matrices,visualization/fig09_ordinal_confusion_matrices.py,figures/Fig09_Ordinal_confusion_matrices.png,visualization/source_data/Fig09_Ordinal_confusion_matrices.csv,fully_rebuildable
10,Regression-task modality and component ablation,visualization/fig10_regression_task_ablation.py,figures/Fig10_Regression_task_ablation.png,visualization/source_data/Fig10_Regression_task_ablation.csv,fully_rebuildable
11,Ordinal-task modality and component ablation,visualization/fig11_ordinal_task_ablation.py,figures/Fig11_Ordinal_task_ablation.png,visualization/source_data/Fig11_Ordinal_task_ablation.csv,fully_rebuildable
