subject_id,y_true,prob_c0,prob_c1,prob_c2,prob_c3,prob_c4,prob_c5,y_pred,is_correct
14,5,0.18725881973902384,0.14566710789998372,0.14054151773452758,0.17691412170728046,0.15220422099033992,0.19741421192884445,6,0
15,2,0.18490953147411346,0.13352264761924743,0.16226950486501057,0.1730098803838094,0.14364129900932313,0.20264713664849598,6,0
17,6,0.18796076476573945,0.1449295163154602,0.14286575516064962,0.17687578797340392,0.15054714505871136,0.19682103072603543,6,1
19,6,0.1859394947687785,0.14120408693949382,0.14628368218739826,0.17302498519420623,0.15107828378677368,0.2024694671233495,6,1
22,5,0.1878822535276413,0.14287422001361846,0.14655766288439434,0.1776166891058286,0.1453402320543925,0.1997289424141248,6,0
23,6,0.186767640709877,0.14126356542110444,0.1471232314904531,0.17588235487540563,0.14874576702713965,0.20021744047602016,6,1
24,1,0.1876487324635188,0.14028160174687704,0.15248190214236576,0.1721172511577606,0.15070396910111108,0.1967665433883667,6,0
29,4,0.18754419287045795,0.1398335764805476,0.14791319866975147,0.1725832924246788,0.1538101519147555,0.19831558763980867,6,0
3,6,0.18184680342674256,0.1303112894296646,0.16327754159768423,0.17218046138683954,0.14568975940346718,0.20669414475560188,6,1
7,6,0.18356899917125702,0.13279228309790295,0.1590020110209783,0.1692580834031105,0.1496053027609984,0.20577332054575284,6,1
